Auburn AL,auburnal@ubreakifix.com
South Birmingham,southbirmingham@ubreakifix.com
Trussville,trussville@ubreakifix.com
Daphne,daphne@ubreakifix.com
Homewood,homewood@ubreakifix.com
West Huntsville,westhuntsville@ubreakifix.com
Huntsville,huntsville@ubreakifix.com
Mobile,mobile@ubreakifix.com
East Montgomery,eastmontgomery@ubreakifix.com
Tuscaloosa,tuscaloosa@ubreakifix.com
Bryant,bryant@ubreakifix.com
Conway,conway@ubreakifix.com
Fayetteville AR,fayettevillear@ubreakifix.com
Jonesboro,jonesboro@ubreakifix.com
Little Rock,littlerock@ubreakifix.com
North Little Rock,northlittlerock@ubreakifix.com
Chandler,chandler@ubreakifix.com
Gilbert AZ,gilbertaz@ubreakifix.com
South Peoria,southpeoria@ubreakifix.com
Goodyear,goodyear@ubreakifix.com
Superstition Springs,superstitionsprings@ubreakifix.com
Peoria,peoria@ubreakifix.com
Lake Pleasant,lakepleasant@ubreakifix.com
Phoenix,phoenix@ubreakifix.com
North Valley,northvalley@ubreakifix.com
Ahwatukee,ahwatukee@ubreakifix.com
Happy Valley,happyvalley@ubreakifix.com
Prescott Valley,prescottvalley@ubreakifix.com
Central Scottsdale,centralscottsdale@ubreakifix.com
Scottsdale,scottsdale@ubreakifix.com
South Scottsdale,southscottsdale@ubreakifix.com
Sierra Vista,sierravista@ubreakifix.com
Surprise,surprise@ubreakifix.com
Tucson Mall,tucsonmall@ubreakifix.com
Park Place,parkplace@ubreakifix.com
Yuma,yuma@ubreakifix.com
Antioch,antioch@ubreakifix.com
Apple Valley CA,applevalleyca@ubreakifix.com
Bakersfield,bakersfield@ubreakifix.com
Rosedale,rosedale@ubreakifix.com
Carlsbad,carlsbad@ubreakifix.com
Cerritos,cerritos@ubreakifix.com
Chino Hills,chinohills@ubreakifix.com
Otay Ranch,otayranch@ubreakifix.com
Chula Vista,chulavista@ubreakifix.com
Citrus Heights,citrusheights@ubreakifix.com
Clovis,clovis@ubreakifix.com
Corona,corona@ubreakifix.com
Costa Mesa,costamesa@ubreakifix.com
Cupertino,cupertino@ubreakifix.com
Del Mar,delmar@ubreakifix.com
Downey,downey@ubreakifix.com
Duarte,duarte@ubreakifix.com
Dublin,dublin@ubreakifix.com
Elk Grove,elkgrove@ubreakifix.com
Encinitas,encinitas@ubreakifix.com
Fremont,fremont@ubreakifix.com
Fresno,fresno@ubreakifix.com
Fullerton,fullerton@ubreakifix.com
Glendale,glendale@ubreakifix.com
Hesperia,hesperia@ubreakifix.com
Lake Forest,lakeforest@ubreakifix.com
Koreatown,koreatown@ubreakifix.com
Marina Del Rey,marinadelrey@ubreakifix.com
Modesto,modesto@ubreakifix.com
Montclair,montclair@ubreakifix.com
Moreno Valley,morenovalley@ubreakifix.com
Napa,napa@ubreakifix.com
North Hollywood,northhollywood@ubreakifix.com
Oxnard,oxnard@ubreakifix.com
Petaluma,petaluma@ubreakifix.com
Rancho Mirage,ranchomirage@ubreakifix.com
Redding,redding@ubreakifix.com
Redlands,redlands@ubreakifix.com
Rialto,rialto@ubreakifix.com
Arden,arden@ubreakifix.com
San Clemente,sanclemente@ubreakifix.com
Mission Valley,missionvalley@ubreakifix.com
San Diego,sandiego@ubreakifix.com
Carmel Mountain Ranch,carmelmountainranch@ubreakifix.com
Downtown San Diego,downtownsandiego@ubreakifix.com
The Plant,theplant@ubreakifix.com
San Marcos,sanmarcos@ubreakifix.com
San Rafael,sanrafael@ubreakifix.com
South Coast,southcoast@ubreakifix.com
Santa Clara,santaclara@ubreakifix.com
Santa Maria,santamaria@ubreakifix.com
Santee,santee@ubreakifix.com
Seal Beach,sealbeach@ubreakifix.com
Simi Valley,simivalley@ubreakifix.com
Stockton,stockton@ubreakifix.com
Temecula,temecula@ubreakifix.com
Thousand Oaks,thousandoaks@ubreakifix.com
Torrance,torrance@ubreakifix.com
Union City,unioncity@ubreakifix.com
Santa Clarita,santaclarita@ubreakifix.com
Van Nuys,vannuys@ubreakifix.com
Ventura,ventura@ubreakifix.com
Visalia,visalia@ubreakifix.com
Vista,vista@ubreakifix.com
Huntington Beach,huntingtonbeach@ubreakifix.com
Woodland Hills,woodlandhills@ubreakifix.com
Yuba City,yubacity@ubreakifix.com
Arvada,arvada@ubreakifix.com
Aurora,aurora@ubreakifix.com
Boulder,boulder@ubreakifix.com
Castle Rock,castlerock@ubreakifix.com
Colorado Springs,coloradosprings@ubreakifix.com
Colorado Springs South,coloradospringssouth@ubreakifix.com
Colorado Springs East,coloradospringseast@ubreakifix.com
Denver,denver@ubreakifix.com
Stapleton,stapleton@ubreakifix.com
Fort Collins,fortcollins@ubreakifix.com
Southglenn,southglenn@ubreakifix.com
Highlands Ranch,highlandsranch@ubreakifix.com
Littleton,littleton@ubreakifix.com
Centennial,centennial@ubreakifix.com
Longmont,longmont@ubreakifix.com
Parker,parker@ubreakifix.com
Pueblo,pueblo@ubreakifix.com
Brookfield CT,brookfieldct@ubreakifix.com
Hamden,hamden@ubreakifix.com
Manchester CT,manchesterct@ubreakifix.com
Newington,newington@ubreakifix.com
Norwalk,norwalk@ubreakifix.com
Norwich,norwich@ubreakifix.com
Shelton,shelton@ubreakifix.com
Stamford,stamford@ubreakifix.com
DC,dc@ubreakifix.com
Eastern Market,easternmarket@ubreakifix.com
Dover,dover@ubreakifix.com
Newark DE,newarkde@ubreakifix.com
Wilmington DE,wilmingtonde@ubreakifix.com
Altamonte,altamonte@ubreakifix.com
Apopka,apopka@ubreakifix.com
Boca Raton West,bocaratonwest@ubreakifix.com
Boynton Beach,boyntonbeach@ubreakifix.com
Bradenton,bradenton@ubreakifix.com
Brandon,brandon@ubreakifix.com
West Brooksville,westbrooksville@ubreakifix.com
Cape Coral,capecoral@ubreakifix.com
Clearwater,clearwater@ubreakifix.com
Clermont,clermont@ubreakifix.com
Coral Gables,coralgables@ubreakifix.com
Coral Springs,coralsprings@ubreakifix.com
Davie,davie@ubreakifix.com
DeLand,deland@ubreakifix.com
Delray Beach,delraybeach@ubreakifix.com
Coconut Point,coconutpoint@ubreakifix.com
Fort Lauderdale,fortlauderdale@ubreakifix.com
Fort Myers,fortmyers@ubreakifix.com
South Fort Myers,southfortmyers@ubreakifix.com
Fort Walton Beach,fortwaltonbeach@ubreakifix.com
Gainesville,gainesville@ubreakifix.com
Hallandale,hallandale@ubreakifix.com
North Jacksonville,northjacksonville@ubreakifix.com
Jacksonville,jacksonville@ubreakifix.com
West Jacksonville,westjacksonville@ubreakifix.com
Hodges,hodges@ubreakifix.com
Poinciana,poinciana@ubreakifix.com
Kissimmee,kissimmee@ubreakifix.com
Lake Mary,lakemary@ubreakifix.com
Lake Worth,lakeworth@ubreakifix.com
Lakeland,lakeland@ubreakifix.com
Largo,largo@ubreakifix.com
Melbourne,melbourne@ubreakifix.com
Merritt Island,merrittisland@ubreakifix.com
Cutler Bay,cutlerbay@ubreakifix.com
Kendall,kendall@ubreakifix.com
Miami Lakes,miamilakes@ubreakifix.com
North Naples,northnaples@ubreakifix.com
Naples,naples@ubreakifix.com
South Naples,southnaples@ubreakifix.com
New Port Richey,newportrichey@ubreakifix.com
North Miami,northmiami@ubreakifix.com
Ocoee,ocoee@ubreakifix.com
Orange Park,orangepark@ubreakifix.com
East Orlando,eastorlando@ubreakifix.com
Orlando,orlando@ubreakifix.com
SODO,sodo@ubreakifix.com
Dr Phillips,drphillips@ubreakifix.com
Ormond Beach,ormondbeach@ubreakifix.com
Palm Beach Gardens,palmbeachgardens@ubreakifix.com
Palm Coast,palmcoast@ubreakifix.com
Palm Harbor,palmharbor@ubreakifix.com
Panama City Beach,panamacitybeach@ubreakifix.com
Pembroke Pines,pembrokepines@ubreakifix.com
Pensacola,pensacola@ubreakifix.com
Pinellas Park,pinellaspark@ubreakifix.com
Plantation,plantation@ubreakifix.com
Pompano Beach,pompanobeach@ubreakifix.com
Port Charlotte,portcharlotte@ubreakifix.com
Port Orange,portorange@ubreakifix.com
Port St. Lucie,portst.lucie@ubreakifix.com
Royal Palm,royalpalm@ubreakifix.com
Fruit Cove,fruitcove@ubreakifix.com
Sarasota,sarasota@ubreakifix.com
North Sarasota,northsarasota@ubreakifix.com
South Miami,southmiami@ubreakifix.com
St Petersburg,stpetersburg@ubreakifix.com
St. Augustine,st.augustine@ubreakifix.com
Stuart,stuart@ubreakifix.com
Sunrise,sunrise@ubreakifix.com
Tamarac,tamarac@ubreakifix.com
Tallahassee,tallahassee@ubreakifix.com
Tampa,tampa@ubreakifix.com
Carrollwood,carrollwood@ubreakifix.com
Wesley Chapel,wesleychapel@ubreakifix.com
The Villages,thevillages@ubreakifix.com
Titusville,titusville@ubreakifix.com
Venice,venice@ubreakifix.com
Vero Beach,verobeach@ubreakifix.com
Weston,weston@ubreakifix.com
Windermere,windermere@ubreakifix.com
Winter Park,winterpark@ubreakifix.com
University,university@ubreakifix.com
Winter Springs,wintersprings@ubreakifix.com
Alpharetta,alpharetta@ubreakifix.com
Athens,athens@ubreakifix.com
Emory Point,emorypoint@ubreakifix.com
Atlanta,atlanta@ubreakifix.com
Cumberland,cumberland@ubreakifix.com
Midtown Atlanta,midtownatlanta@ubreakifix.com
Chamblee,chamblee@ubreakifix.com
Buford,buford@ubreakifix.com
Canton,canton@ubreakifix.com
Columbus GA,columbusga@ubreakifix.com
Cumming,cumming@ubreakifix.com
Douglasville,douglasville@ubreakifix.com
Duluth,duluth@ubreakifix.com
Fayetteville,fayetteville@ubreakifix.com
Gainesville GA,gainesvillega@ubreakifix.com
Hiram,hiram@ubreakifix.com
Kennesaw,kennesaw@ubreakifix.com
Lawrenceville,lawrenceville@ubreakifix.com
Macon GA,maconga@ubreakifix.com
West Cobb,westcobb@ubreakifix.com
East Cobb,eastcobb@ubreakifix.com
McDonough,mcdonough@ubreakifix.com
Newnan,newnan@ubreakifix.com
Peachtree City,peachtreecity@ubreakifix.com
Rome GA,romega@ubreakifix.com
Sandy Springs,sandysprings@ubreakifix.com
Snellville,snellville@ubreakifix.com
Tucker,tucker@ubreakifix.com
Woodstock,woodstock@ubreakifix.com
Aiea,aiea@ubreakifix.com
Kailua,kailua@ubreakifix.com
Kapolei,kapolei@ubreakifix.com
Ankeny,ankeny@ubreakifix.com
Cedar Rapids IA,cedarrapidsia@ubreakifix.com
Davenport,davenport@ubreakifix.com
West Des Moines,westdesmoines@ubreakifix.com
Idaho Falls,idahofalls@ubreakifix.com
Meridian,meridian@ubreakifix.com
Nampa,nampa@ubreakifix.com
Twin Falls,twinfalls@ubreakifix.com
Algonquin,algonquin@ubreakifix.com
Arlington Heights,arlingtonheights@ubreakifix.com
Berwyn,berwyn@ubreakifix.com
Bradley,bradley@ubreakifix.com
Champaign,champaign@ubreakifix.com
Logan Square,logansquare@ubreakifix.com
River North,rivernorth@ubreakifix.com
West Town,westtown@ubreakifix.com
South Loop,southloop@ubreakifix.com
Rogers Park,rogerspark@ubreakifix.com
Lakeview,lakeview@ubreakifix.com
Darien IL,darienil@ubreakifix.com
Dekalb,dekalb@ubreakifix.com
Elmhurst,elmhurst@ubreakifix.com
Geneva,geneva@ubreakifix.com
Gurnee,gurnee@ubreakifix.com
La Grange,lagrange@ubreakifix.com
Lake Zurich,lakezurich@ubreakifix.com
Vernon Hills,vernonhills@ubreakifix.com
Machesney,machesney@ubreakifix.com
Matteson,matteson@ubreakifix.com
Mokena,mokena@ubreakifix.com
Montgomery,montgomery@ubreakifix.com
Naperville,naperville@ubreakifix.com
Niles,niles@ubreakifix.com
Norridge,norridge@ubreakifix.com
Northbrook,northbrook@ubreakifix.com
Oak Lawn,oaklawn@ubreakifix.com
Orland Park,orlandpark@ubreakifix.com
Plainfield,plainfield@ubreakifix.com
Rockford,rockford@ubreakifix.com
Schaumburg West,schaumburgwest@ubreakifix.com
Shorewood,shorewood@ubreakifix.com
Wheaton,wheaton@ubreakifix.com
Avon IN,avonin@ubreakifix.com
Bloomington IN,bloomingtonin@ubreakifix.com
Crown Point,crownpoint@ubreakifix.com
Elkhart,elkhart@ubreakifix.com
Evansville IN,evansvillein@ubreakifix.com
Fort Wayne,fortwayne@ubreakifix.com
Greenwood,greenwood@ubreakifix.com
Schererville,schererville@ubreakifix.com
East Washington,eastwashington@ubreakifix.com
Keystone,keystone@ubreakifix.com
South Bend,southbend@ubreakifix.com
Muncie,muncie@ubreakifix.com
Noblesville,noblesville@ubreakifix.com
West Carmel,westcarmel@ubreakifix.com
Lawrence,lawrence@ubreakifix.com
Lenexa,lenexa@ubreakifix.com
Olathe,olathe@ubreakifix.com
East Wichita,eastwichita@ubreakifix.com
Wichita,wichita@ubreakifix.com
Bowling Green,bowlinggreen@ubreakifix.com
Elizabethtown,elizabethtown@ubreakifix.com
Florence,florence@ubreakifix.com
Lexington KY,lexingtonky@ubreakifix.com
Jeffersontown,jeffersontown@ubreakifix.com
Louisville,louisville@ubreakifix.com
Newport,newport@ubreakifix.com
Baton Rouge,batonrouge@ubreakifix.com
Bossier City,bossiercity@ubreakifix.com
Denham Springs,denhamsprings@ubreakifix.com
Lafayette,lafayette@ubreakifix.com
Lake Charles,lakecharles@ubreakifix.com
Metairie,metairie@ubreakifix.com
New Orleans,neworleans@ubreakifix.com
Boston,boston@ubreakifix.com
Brockton,brockton@ubreakifix.com
Burlington MA,burlingtonma@ubreakifix.com
Cambridge,cambridge@ubreakifix.com
Dedham,dedham@ubreakifix.com
Milford,milford@ubreakifix.com
Natick,natick@ubreakifix.com
Northborough,northborough@ubreakifix.com
Raynham,raynham@ubreakifix.com
Annapolis,annapolis@ubreakifix.com
Baltimore,baltimore@ubreakifix.com
Hampden MD,hampdenmd@ubreakifix.com
Bel Air,belair@ubreakifix.com
Bethesda,bethesda@ubreakifix.com
Bowie MD,bowiemd@ubreakifix.com
Brandywine,brandywine@ubreakifix.com
College Park,collegepark@ubreakifix.com
Frederick,frederick@ubreakifix.com
Gaithersburg,gaithersburg@ubreakifix.com
Glen Burnie,glenburnie@ubreakifix.com
Largo MD,largomd@ubreakifix.com
Owings Mills,owingsmills@ubreakifix.com
Towson,towson@ubreakifix.com
Westminster,westminster@ubreakifix.com
Portland ME,portlandme@ubreakifix.com
Battle Creek,battlecreek@ubreakifix.com
Brighton,brighton@ubreakifix.com
Canton MI,cantonmi@ubreakifix.com
North Grand Rapids,northgrandrapids@ubreakifix.com
Dearborn,dearborn@ubreakifix.com
Flint Township,flinttownship@ubreakifix.com
Kentwood,kentwood@ubreakifix.com
Kalamazoo,kalamazoo@ubreakifix.com
West Lansing,westlansing@ubreakifix.com
Roseville,roseville@ubreakifix.com
Royal Oak,royaloak@ubreakifix.com
Southfield,southfield@ubreakifix.com
Sterling Heights,sterlingheights@ubreakifix.com
Shelby,shelby@ubreakifix.com
Taylor,taylor@ubreakifix.com
Troy,troy@ubreakifix.com
West Bloomfield,westbloomfield@ubreakifix.com
Wyoming MI,wyomingmi@ubreakifix.com
Apple Valley,applevalley@ubreakifix.com
Duluth MN,duluthmn@ubreakifix.com
Eagan,eagan@ubreakifix.com
Mankato,mankato@ubreakifix.com
Maple Grove,maplegrove@ubreakifix.com
Uptown Minneapolis,uptownminneapolis@ubreakifix.com
Minnetonka,minnetonka@ubreakifix.com
Richfield,richfield@ubreakifix.com
North Rochester,northrochester@ubreakifix.com
Woodbury,woodbury@ubreakifix.com
Blue Springs,bluesprings@ubreakifix.com
Chesterfield,chesterfield@ubreakifix.com
Joplin,joplin@ubreakifix.com
North Oak Trafficway,northoaktrafficway@ubreakifix.com
North Kansas City,northkansascity@ubreakifix.com
Ward Parkway,wardparkway@ubreakifix.com
Liberty,liberty@ubreakifix.com
Manchester,manchester@ubreakifix.com
O'Fallon MO,ofallonmo@ubreakifix.com
Springfield MO,springfieldmo@ubreakifix.com
Gulfport,gulfport@ubreakifix.com
Ocean Springs,oceansprings@ubreakifix.com
Olive Branch,olivebranch@ubreakifix.com
Oxford,oxford@ubreakifix.com
Tupelo,tupelo@ubreakifix.com
Billings,billings@ubreakifix.com
Bozeman,bozeman@ubreakifix.com
Missoula,missoula@ubreakifix.com
South Asheville,southasheville@ubreakifix.com
Burlington,burlington@ubreakifix.com
Cary,cary@ubreakifix.com
Crossroads,crossroads@ubreakifix.com
Charlotte Midtown,charlottemidtown@ubreakifix.com
Charlotte,charlotte@ubreakifix.com
North Charlotte,northcharlotte@ubreakifix.com
East Charlotte,eastcharlotte@ubreakifix.com
Concord,concord@ubreakifix.com
Fayetteville NC,fayettevillenc@ubreakifix.com
Gastonia,gastonia@ubreakifix.com
Goldsboro,goldsboro@ubreakifix.com
Greensboro,greensboro@ubreakifix.com
Greenville,greenville@ubreakifix.com
Huntersville,huntersville@ubreakifix.com
Jacksonville NC,jacksonvillenc@ubreakifix.com
Kernersville,kernersville@ubreakifix.com
Mooresville,mooresville@ubreakifix.com
Raleigh,raleigh@ubreakifix.com
Rocky Mount,rockymount@ubreakifix.com
Wake Forest,wakeforest@ubreakifix.com
Wilmington,wilmington@ubreakifix.com
Winston-Salem,winston-salem@ubreakifix.com
Fargo,fargo@ubreakifix.com
Grand Island,grandisland@ubreakifix.com
Lincoln,lincoln@ubreakifix.com
Northwest Omaha,northwestomaha@ubreakifix.com
Midtown Omaha,midtownomaha@ubreakifix.com
West Omaha,westomaha@ubreakifix.com
Nashua,nashua@ubreakifix.com
Salem,salem@ubreakifix.com
Seabrook,seabrook@ubreakifix.com
Brick,brick@ubreakifix.com
Carlstadt,carlstadt@ubreakifix.com
Chester,chester@ubreakifix.com
Englewood,englewood@ubreakifix.com
Glassboro,glassboro@ubreakifix.com
Hamilton Township,hamiltontownship@ubreakifix.com
Woodbridge NJ,woodbridgenj@ubreakifix.com
Jersey City,jerseycity@ubreakifix.com
Kearny,kearny@ubreakifix.com
Moorestown,moorestown@ubreakifix.com
Millburn,millburn@ubreakifix.com
Paramus,paramus@ubreakifix.com
Piscataway,piscataway@ubreakifix.com
Rockaway,rockaway@ubreakifix.com
Toms River,tomsriver@ubreakifix.com
Wayne,wayne@ubreakifix.com
Eatontown,eatontown@ubreakifix.com
Westwood,westwood@ubreakifix.com
Albuquerque Northeast,albuquerquenortheast@ubreakifix.com
Albuquerque West,albuquerquewest@ubreakifix.com
Las Vegas,lasvegas@ubreakifix.com
South West Las Vegas,southwestlasvegas@ubreakifix.com
West Summerlin,westsummerlin@ubreakifix.com
North Las Vegas,northlasvegas@ubreakifix.com
Summerlin,summerlin@ubreakifix.com
Centennial NV,centennialnv@ubreakifix.com
Reno,reno@ubreakifix.com
Sparks,sparks@ubreakifix.com
Bayside,bayside@ubreakifix.com
Bethpage,bethpage@ubreakifix.com
Williamsburg NY,williamsburgny@ubreakifix.com
Bay Ridge,bayridge@ubreakifix.com
Downtown Brooklyn,downtownbrooklyn@ubreakifix.com
North Buffalo,northbuffalo@ubreakifix.com
Cheektowaga,cheektowaga@ubreakifix.com
Cicero,cicero@ubreakifix.com
Deer Park,deerpark@ubreakifix.com
Dunkirk,dunkirk@ubreakifix.com
Forest Hills,foresthills@ubreakifix.com
Garden City,gardencity@ubreakifix.com
Hamburg,hamburg@ubreakifix.com
Huntington,huntington@ubreakifix.com
Ithaca,ithaca@ubreakifix.com
Times Square,timessquare@ubreakifix.com
Mt Kisco,mtkisco@ubreakifix.com
New Hyde Park,newhydepark@ubreakifix.com
West Village,westvillage@ubreakifix.com
Upper West Side,upperwestside@ubreakifix.com
Chelsea,chelsea@ubreakifix.com
Lower East Side,lowereastside@ubreakifix.com
Upper East Side,uppereastside@ubreakifix.com
StuyTown,stuytown@ubreakifix.com
Niagara Falls,niagarafalls@ubreakifix.com
Port Jefferson,portjefferson@ubreakifix.com
Poughkeepsie,poughkeepsie@ubreakifix.com
College Point,collegepoint@ubreakifix.com
Riverhead,riverhead@ubreakifix.com
Pittsford,pittsford@ubreakifix.com
Greece,greece@ubreakifix.com
Rockville Centre,rockvillecentre@ubreakifix.com
Scarsdale,scarsdale@ubreakifix.com
Smithtown,smithtown@ubreakifix.com
Dewitt,dewitt@ubreakifix.com
Amherst,amherst@ubreakifix.com
Victor,victor@ubreakifix.com
Babylon,babylon@ubreakifix.com
Williamsville,williamsville@ubreakifix.com
Akron,akron@ubreakifix.com
Avon,avon@ubreakifix.com
Beavercreek,beavercreek@ubreakifix.com
Hyde Park,hydepark@ubreakifix.com
Kenwood,kenwood@ubreakifix.com
Eastgate,eastgate@ubreakifix.com
Polaris,polaris@ubreakifix.com
Columbus,columbus@ubreakifix.com
University District,universitydistrict@ubreakifix.com
Fairfield,fairfield@ubreakifix.com
Findlay,findlay@ubreakifix.com
Gahanna,gahanna@ubreakifix.com
Holland,holland@ubreakifix.com
Huber Heights,huberheights@ubreakifix.com
Miamisburg,miamisburg@ubreakifix.com
Perrysburg,perrysburg@ubreakifix.com
Cleveland Heights,clevelandheights@ubreakifix.com
Springfield OH,springfieldoh@ubreakifix.com
Stow,stow@ubreakifix.com
Strongsville,strongsville@ubreakifix.com
West Chester Township,westchestertownship@ubreakifix.com
Uptown Oklahoma City,uptownoklahomacity@ubreakifix.com
Quail Springs,quailsprings@ubreakifix.com
Tulsa Woodland Hills,tulsawoodlandhills@ubreakifix.com
Tulsa Promenade,tulsapromenade@ubreakifix.com
Jantzen Beach,jantzenbeach@ubreakifix.com
Washington Square,washingtonsquare@ubreakifix.com
Sherwood,sherwood@ubreakifix.com
Bryn Mawr,brynmawr@ubreakifix.com
Center Valley,centervalley@ubreakifix.com
Cranberry Township,cranberrytownship@ubreakifix.com
Easton,easton@ubreakifix.com
Exton,exton@ubreakifix.com
Glen Mills,glenmills@ubreakifix.com
Harrisburg,harrisburg@ubreakifix.com
Lancaster,lancaster@ubreakifix.com
East Lancaster,eastlancaster@ubreakifix.com
Langhorne,langhorne@ubreakifix.com
Mechanicsburg,mechanicsburg@ubreakifix.com
Monaca,monaca@ubreakifix.com
Montage,montage@ubreakifix.com
Montgomeryville PA,montgomeryvillepa@ubreakifix.com
Center City,centercity@ubreakifix.com
Robinson,robinson@ubreakifix.com
Pittsburgh,pittsburgh@ubreakifix.com
North Hills,northhills@ubreakifix.com
Monroeville,monroeville@ubreakifix.com
Wyomissing,wyomissing@ubreakifix.com
Royersford,royersford@ubreakifix.com
Springfield PA,springfieldpa@ubreakifix.com
Washington PA,washingtonpa@ubreakifix.com
King Of Prussia,kingofprussia@ubreakifix.com
Cheltenham,cheltenham@ubreakifix.com
York,york@ubreakifix.com
Bayamon,bayamon@ubreakifix.com
Caguas,caguas@ubreakifix.com
San Juan,sanjuan@ubreakifix.com
Anderson,anderson@ubreakifix.com
Haywood,haywood@ubreakifix.com
Lexington,lexington@ubreakifix.com
Mount Pleasant,mountpleasant@ubreakifix.com
Myrtle Beach,myrtlebeach@ubreakifix.com
N Charleston,ncharleston@ubreakifix.com
Rock Hill,rockhill@ubreakifix.com
Spartanburg SC,spartanburgsc@ubreakifix.com
Rapid City,rapidcity@ubreakifix.com
Brentwood,brentwood@ubreakifix.com
Clarksville,clarksville@ubreakifix.com
Cleveland,cleveland@ubreakifix.com
Cool Springs,coolsprings@ubreakifix.com
Hendersonville,hendersonville@ubreakifix.com
Hermitage,hermitage@ubreakifix.com
Hixson,hixson@ubreakifix.com
Jackson TN,jacksontn@ubreakifix.com
Johnson City,johnsoncity@ubreakifix.com
Turkey Creek,turkeycreek@ubreakifix.com
Powell,powell@ubreakifix.com
Bearden,bearden@ubreakifix.com
Wolfchase,wolfchase@ubreakifix.com
Memphis,memphis@ubreakifix.com
Germantown,germantown@ubreakifix.com
Murfreesboro,murfreesboro@ubreakifix.com
Bellevue Nashville,bellevuenashville@ubreakifix.com
Gulch,gulch@ubreakifix.com
Smyrna TN,smyrnatn@ubreakifix.com
Spring Hill,springhill@ubreakifix.com
Amarillo,amarillo@ubreakifix.com
South Arlington,southarlington@ubreakifix.com
Atascocita,atascocita@ubreakifix.com
Bouldin,bouldin@ubreakifix.com
Downtown Austin,downtownaustin@ubreakifix.com
West Parmer,westparmer@ubreakifix.com
North Austin,northaustin@ubreakifix.com
South Austin,southaustin@ubreakifix.com
Baytown,baytown@ubreakifix.com
Beaumont,beaumont@ubreakifix.com
Burleson,burleson@ubreakifix.com
Cedar Hill,cedarhill@ubreakifix.com
Cedar Park,cedarpark@ubreakifix.com
Conroe,conroe@ubreakifix.com
Coppell,coppell@ubreakifix.com
Corpus Christi,corpuschristi@ubreakifix.com
Cypress,cypress@ubreakifix.com
Addison,addison@ubreakifix.com
Lower Greenville,lowergreenville@ubreakifix.com
Uptown Dallas,uptowndallas@ubreakifix.com
Edinburg,edinburg@ubreakifix.com
South El Paso,southelpaso@ubreakifix.com
Flower Mound,flowermound@ubreakifix.com
Frisco,frisco@ubreakifix.com
Garland,garland@ubreakifix.com
Grand Prairie,grandprairie@ubreakifix.com
Bandera,bandera@ubreakifix.com
Meyerland,meyerland@ubreakifix.com
Memorial,memorial@ubreakifix.com
West Chase,westchase@ubreakifix.com
Hobby Area,hobbyarea@ubreakifix.com
Mid West Houston,midwesthouston@ubreakifix.com
The Heights,theheights@ubreakifix.com
Willowbrook,willowbrook@ubreakifix.com
Rice Village,ricevillage@ubreakifix.com
Katy,katy@ubreakifix.com
New Forest,newforest@ubreakifix.com
Irving,irving@ubreakifix.com
Cinco Ranch,cincoranch@ubreakifix.com
Lake Jackson,lakejackson@ubreakifix.com
Lake Worth TX,lakeworthtx@ubreakifix.com
Laredo,laredo@ubreakifix.com
League City,leaguecity@ubreakifix.com
South Lubbock,southlubbock@ubreakifix.com
Mansfield,mansfield@ubreakifix.com
South McAllen,southmcallen@ubreakifix.com
McKinney,mckinney@ubreakifix.com
Mesquite,mesquite@ubreakifix.com
New Braunfels,newbraunfels@ubreakifix.com
Pasadena TX,pasadenatx@ubreakifix.com
Pearland,pearland@ubreakifix.com
Plano,plano@ubreakifix.com
West Plano,westplano@ubreakifix.com
Rockwall,rockwall@ubreakifix.com
Rosenberg,rosenberg@ubreakifix.com
Round Rock,roundrock@ubreakifix.com
Stone Oak,stoneoak@ubreakifix.com
Alamo Heights,alamoheights@ubreakifix.com
Blanco,blanco@ubreakifix.com
City Base Landing,citybaselanding@ubreakifix.com
281Bitters,281bitters@ubreakifix.com
Huebner Oaks,huebneroaks@ubreakifix.com
Leon Springs,leonsprings@ubreakifix.com
San Marcos TX,sanmarcostx@ubreakifix.com
Selma (The Forum),selma(theforum)@ubreakifix.com
Southlake,southlake@ubreakifix.com
Spring,spring@ubreakifix.com
Sugar Land,sugarland@ubreakifix.com
Tomball,tomball@ubreakifix.com
Tyler,tyler@ubreakifix.com
Waco,waco@ubreakifix.com
Weatherford,weatherford@ubreakifix.com
Webster,webster@ubreakifix.com
Woodlands,woodlands@ubreakifix.com
Bountiful,bountiful@ubreakifix.com
Harrisville,harrisville@ubreakifix.com
Lehi,lehi@ubreakifix.com
Provo,provo@ubreakifix.com
Sandy,sandy@ubreakifix.com
South Jordan,southjordan@ubreakifix.com
Alexandria,alexandria@ubreakifix.com
Volvo,volvo@ubreakifix.com
Christiansburg,christiansburg@ubreakifix.com
Colonial Heights,colonialheights@ubreakifix.com
Fair Lakes,fairlakes@ubreakifix.com
Falls Church,fallschurch@ubreakifix.com
Fredericksburg,fredericksburg@ubreakifix.com
Gainesville VA,gainesvilleva@ubreakifix.com
Glen Allen,glenallen@ubreakifix.com
Herndon,herndon@ubreakifix.com
Leesburg,leesburg@ubreakifix.com
Davis Ford Crossing,davisfordcrossing@ubreakifix.com
Brandermill,brandermill@ubreakifix.com
Newport News,newportnews@ubreakifix.com
Midlothian,midlothian@ubreakifix.com
Roanoke,roanoke@ubreakifix.com
Springfield,springfield@ubreakifix.com
Stafford,stafford@ubreakifix.com
Lynnhaven,lynnhaven@ubreakifix.com
Potomac Mills,potomacmills@ubreakifix.com
Smokey Point,smokeypoint@ubreakifix.com
Everett,everett@ubreakifix.com
Issaquah,issaquah@ubreakifix.com
Lynnwood,lynnwood@ubreakifix.com
Olympia,olympia@ubreakifix.com
Puyallup,puyallup@ubreakifix.com
Seattle,seattle@ubreakifix.com
Silverdale,silverdale@ubreakifix.com
Tacoma,tacoma@ubreakifix.com
Tukwila,tukwila@ubreakifix.com
Millplain,millplain@ubreakifix.com
Yakima,yakima@ubreakifix.com
Appleton,appleton@ubreakifix.com
Beloit,beloit@ubreakifix.com
Brookfield,brookfield@ubreakifix.com
Eau Claire,eauclaire@ubreakifix.com
Green Bay,greenbay@ubreakifix.com
Greenfield,greenfield@ubreakifix.com
Janesville,janesville@ubreakifix.com
East Madison,eastmadison@ubreakifix.com
Madison,madison@ubreakifix.com
Milwaukee,milwaukee@ubreakifix.com
Menomonee Falls,menomoneefalls@ubreakifix.com
Oshkosh,oshkosh@ubreakifix.com
Kenosha,kenosha@ubreakifix.com
Waukesha,waukesha@ubreakifix.com
Wauwatosa,wauwatosa@ubreakifix.com
West Bend,westbend@ubreakifix.com
Whitefish Bay,whitefishbay@ubreakifix.com
